"DESCRIPTION","DURATION IN MS","NAME","PARENT SUITE","START TIME","STATUS","STOP TIME","SUB SUITE","SUITE","TEST CLASS","TEST METHOD"
"","3365","U.A_1. Send verification email","","Tue May 13 21:16:43 UTC 2025","failed","Tue May 13 21:16:46 UTC 2025","","User Actions","",""
"","0","1.2 Org Admin-- minimum case fields -- redirect to Add Case page again","Add Case","Tue May 13 21:16:30 UTC 2025","skipped","Tue May 13 21:16:30 UTC 2025","","1. --- No Case Number formatting in Org/Office, AutoDispo ON","",""
"","140","2.1. Create and run DR for 2 storage locations that have: container with item, empty container, sub-location, empty sub-container and sub-container with item - No Discrepancies Found","Inventory Reports","Tue May 13 21:16:02 UTC 2025","failed","Tue May 13 21:16:02 UTC 2025","","2. Parent/child locations with items and containers","",""
"","75325","3.1. --- with required Custom Form filled out, all required fields on Form","Add Person","Tue May 13 21:44:07 UTC 2025","failed","Tue May 13 21:45:22 UTC 2025","","3. Add Person with Custom Form","",""
"","54065","1.1 All fields enabled -- ""Item Belongs To Shows All People"" turned ON in Org Settings -- multiple people not linked to Primary Case are selected in ""Item Belongs to"" field ","Add Item","Tue May 13 21:27:14 UTC 2025","passed","Tue May 13 21:28:08 UTC 2025","","1. Org Admin","",""
"","662","3 Import Notes for Case - Precheck Only","","Tue May 13 21:17:28 UTC 2025","failed","Tue May 13 21:17:29 UTC 2025","","Import Notes","",""
"","29083","3.1 verify Office Case Number Format with default validation message","Add Case","Tue May 13 21:18:18 UTC 2025","failed","Tue May 13 21:18:47 UTC 2025","","3. --- with Case Number formatting in Office ","",""
"","213","S.I_1. Search by Item Description","","Tue May 13 21:16:35 UTC 2025","failed","Tue May 13 21:16:35 UTC 2025","","Search Item","",""
"","696","2. Import and verify Person with minimum fields","","Tue May 13 21:17:41 UTC 2025","failed","Tue May 13 21:17:41 UTC 2025","","Import People","",""
"","682","8 Validation messages for invalid values","","Tue May 13 21:17:31 UTC 2025","failed","Tue May 13 21:17:31 UTC 2025","","Import Notes","",""
"","675","1 Import Media","","Tue May 13 21:17:16 UTC 2025","failed","Tue May 13 21:17:17 UTC 2025","","Import Media","",""
"","0","2 Import Legacy Chain of Custody - Precheck Only","","Tue May 13 21:16:50 UTC 2025","skipped","Tue May 13 21:16:50 UTC 2025","","Import Legacy Chain of Custody","",""
"","0","1.7. Create and run DR for single child location - multiple Discrepancies Found","Inventory Reports","Tue May 13 21:16:01 UTC 2025","skipped","Tue May 13 21:16:01 UTC 2025","","1. Parent/child locations with items but without containers","",""
"","16716","1. Edit and verify all values on Person View page","","Tue May 13 21:29:07 UTC 2025","failed","Tue May 13 21:29:24 UTC 2025","","Edit Person","",""
"","34799","1.5. Add item from Scan page -- redirect to Item View/Media tab","Add Item","Tue May 13 21:28:35 UTC 2025","passed","Tue May 13 21:29:10 UTC 2025","","1. Org Admin","",""
"","686","I.U_1 Import and verify User with all fields","","Tue May 13 21:17:59 UTC 2025","failed","Tue May 13 21:18:00 UTC 2025","","Import Users","",""
"","19255","1.2. Optional fields disabled -- First & Last Name populated -- redirect to Add Person page again","Add Person","Tue May 13 21:43:08 UTC 2025","passed","Tue May 13 21:43:28 UTC 2025","","1. Org Admin","",""
"","684","1 Import Notes for Case","","Tue May 13 21:17:27 UTC 2025","failed","Tue May 13 21:17:28 UTC 2025","","Import Notes","",""
"","21595","2.1 verify Org Case Number Format and check that Case Review Date/Notes is NOT displayed for Org Admin","Add Case","Tue May 13 21:16:35 UTC 2025","passed","Tue May 13 21:16:56 UTC 2025","","2. --- with Case Number formatting in Org, AutoDispo OFF ","",""
"","656","3 Import Locations - Precheck Only","","Tue May 13 21:17:08 UTC 2025","failed","Tue May 13 21:17:08 UTC 2025","","Import Locations","",""
"","4968","1.4. Add item from Item Search -- redirect to Case View /Items tab","Add Item","Tue May 13 21:28:30 UTC 2025","failed","Tue May 13 21:28:35 UTC 2025","","1. Org Admin","",""
"","105441","1 Edit newly added user, change all values, verify on the grid, and check all/active/inactive filters","","Tue May 13 21:32:08 UTC 2025","failed","Tue May 13 21:33:53 UTC 2025","","Edit User","",""
"","144","2.2. Scanning some barcodes multiple times and checking all types of discrepancies in one Report: ""Barcode valid but not found in the system""""Items Not Scanned"", ""Wrong Storage Location"",""Container Not Scanned"",""Containers in Wrong Location""","Inventory Reports","Tue May 13 21:16:02 UTC 2025","failed","Tue May 13 21:16:02 UTC 2025","","2. Parent/child locations with items and containers","",""
"","20851","A.M_3. Add Media to Person","","Tue May 13 21:40:18 UTC 2025","passed","Tue May 13 21:40:39 UTC 2025","","Add Media","",""
"","0","1.3 Org Admin-- minimum case fields -- redirect to Add Item page","Add Case","Tue May 13 21:16:30 UTC 2025","skipped","Tue May 13 21:16:30 UTC 2025","","1. --- No Case Number formatting in Org/Office, AutoDispo ON","",""
"","838","7 Validation messages for wrongly formatted values","","Tue May 13 21:17:30 UTC 2025","failed","Tue May 13 21:17:31 UTC 2025","","Import Notes","",""
"","634","6 Validation messages for not mapped fields","","Tue May 13 21:17:29 UTC 2025","failed","Tue May 13 21:17:30 UTC 2025","","Import Notes","",""
"","58095","1. Edit and verify all values on Case View page -- replace the current values in multiselect fields (Case Officers, Tags)","","Tue May 13 21:18:19 UTC 2025","passed","Tue May 13 21:19:17 UTC 2025","","Edit Case","",""
"","2","A.U_3. Add External User","Add User","Tue May 13 21:51:09 UTC 2025","skipped","Tue May 13 21:51:09 UTC 2025","","1.1 Org Admin","",""
"","86147","3.2. --- with required Custom Form but not filled out, all optional fields on Form","Add Person","Tue May 13 21:45:22 UTC 2025","failed","Tue May 13 21:46:48 UTC 2025","","3. Add Person with Custom Form","",""
"","742","I.T_1.1 Import Legacy Tasks for Case","","Tue May 13 21:16:58 UTC 2025","failed","Tue May 13 21:16:59 UTC 2025","","Import Tasks","",""
"","84973","3.1 Verify ""Re-Distribute"" for ""Past Due"" cases","Auto-Disposition","Tue May 13 21:16:18 UTC 2025","failed","Tue May 13 21:17:43 UTC 2025","","3. Verify ""Re-Distribute Case Review Dates"" functionality","",""
"","540","I.U_1 Import User with all fields - Precheck Only","","Tue May 13 21:18:00 UTC 2025","failed","Tue May 13 21:18:00 UTC 2025","","Import Users","",""
"","0","1.5 Org Admin-- minimum case fields -- redirect to Media tab on Case View page","Add Case","Tue May 13 21:16:30 UTC 2025","skipped","Tue May 13 21:16:30 UTC 2025","","1. --- No Case Number formatting in Org/Office, AutoDispo ON","",""
"","0","I.C_5 Case Import - Precheck Only","","Tue May 13 21:16:23 UTC 2025","skipped","Tue May 13 21:16:23 UTC 2025","","Import Cases","",""
"","1","I.C.U_2 Case Updates Import - Precheck Only","","Tue May 13 21:16:15 UTC 2025","skipped","Tue May 13 21:16:15 UTC 2025","","Import Case Updates","",""
"","30758","3. Edit and verify reduced number of values on Person View page - Business Name","","Tue May 13 21:29:54 UTC 2025","passed","Tue May 13 21:30:25 UTC 2025","","Edit Person","",""
"","19837","A.M_2. Add Media to Item","","Tue May 13 21:39:58 UTC 2025","passed","Tue May 13 21:40:18 UTC 2025","","Add Media","",""
"","7421","2.1 verify that user can add all values but can select only Storage Location(s) that s/he has access to","Add Item","Tue May 13 21:31:17 UTC 2025","failed","Tue May 13 21:31:25 UTC 2025","","2 Power User -- all permissions in Office, with and without access to Storage Location","",""
"","12822","1.1.1 Add task with required fields only -- Unassigned-- keep template content-- search for task on the grid by Creator name-- verify values on grid","Add Task","Tue May 13 21:47:29 UTC 2025","failed","Tue May 13 21:47:41 UTC 2025","","1.1 Org Admin","",""
"","37022","7. Remove all optional values & check history records","","Tue May 13 21:22:06 UTC 2025","passed","Tue May 13 21:22:43 UTC 2025","","Edit Case","",""
"","46747","1.8. Add Item from Person View/ Items Custodian tab -- redirect to Split Item page and complete the action","Add Item","Tue May 13 21:30:27 UTC 2025","passed","Tue May 13 21:31:13 UTC 2025","","1. Org Admin","",""
"","0","4 Validation messages for wrongly formatted values","","Tue May 13 21:16:50 UTC 2025","skipped","Tue May 13 21:16:50 UTC 2025","","Import Legacy Chain of Custody","",""
"","46747","8.1 verify that required custom form is attached to the case with blank fields","Add Case","Tue May 13 21:23:31 UTC 2025","passed","Tue May 13 21:24:18 UTC 2025","","8. --- with required Custom Form but not filled out, all optional fields on Form","",""
"","41735","1.7. Add Item from Person View/ ""Items Belonging to"" tab -- redirect to Add Duplicate Item page and complete the action","Add Item","Tue May 13 21:29:45 UTC 2025","passed","Tue May 13 21:30:26 UTC 2025","","1. Org Admin","",""
"","686","2 Import Notes for Item","","Tue May 13 21:17:28 UTC 2025","failed","Tue May 13 21:17:28 UTC 2025","","Import Notes","",""
"","71094","3.5 --- Splitting item with Currency Form attached","Add Item","Tue May 13 21:36:36 UTC 2025","passed","Tue May 13 21:37:47 UTC 2025","","3 Add Item with Custom Form","",""
"","113","3. Scanning 1000 items during Inventory report","Inventory Reports","Tue May 13 21:16:02 UTC 2025","failed","Tue May 13 21:16:02 UTC 2025","","2. Scanning 1000 items","",""
"","6234","1.1.3 validation message for missing permissions","Add User","Tue May 13 21:50:26 UTC 2025","failed","Tue May 13 21:50:32 UTC 2025","","1.1 Org Admin","",""
"","25541","4.2 verify Org Default Case Number Prefix, keep a default value as part of the Case Number","Add Case","Tue May 13 21:19:31 UTC 2025","passed","Tue May 13 21:19:57 UTC 2025","","4. --- with Default Case Number in Org ","",""
"","0","2 Import Locations with required fields - verify default properties","","Tue May 13 21:17:08 UTC 2025","skipped","Tue May 13 21:17:08 UTC 2025","","Import Locations","",""
"","3698","1.9. Only active people should show up in ""Recovered By"" field when searching by first/middle/last name or email","Add Item","Tue May 13 21:31:13 UTC 2025","failed","Tue May 13 21:31:17 UTC 2025","","1. Org Admin","",""
"","0","I.C_2 Case with minimum number of fields","","Tue May 13 21:16:23 UTC 2025","skipped","Tue May 13 21:16:23 UTC 2025","","Import Cases","",""
"","74597","4. Add a Person with disabled fields & check if those are shown up on Person Edit page after enabling all of the rest of the fields and editing Business Name / First Name / Last Name","","Tue May 13 21:30:26 UTC 2025","failed","Tue May 13 21:31:41 UTC 2025","","Edit Person","",""
"","12281","3.2 verify Office Case Number Format with custom validation message","Add Case","Tue May 13 21:18:47 UTC 2025","passed","Tue May 13 21:18:59 UTC 2025","","3. --- with Case Number formatting in Office ","",""
"","1","2. Item with all fields - Disposed Status","","Tue May 13 21:16:42 UTC 2025","broken","Tue May 13 21:16:42 UTC 2025","","Import Items","",""
"","61804","A.N_1. Add Note to Case","","Tue May 13 21:41:16 UTC 2025","failed","Tue May 13 21:42:18 UTC 2025","","Add Notes","",""
"","179","2. Verify Transfer transaction and enabled/disabled actions for Checked Out item","","Tue May 13 21:36:22 UTC 2025","failed","Tue May 13 21:36:22 UTC 2025","","Item Transactions & Actions","",""
"","0","1.7 Power User can add case and view/enter/update Review Date/Notes when having AutoDispo permissions","Add Case","Tue May 13 21:16:30 UTC 2025","skipped","Tue May 13 21:16:30 UTC 2025","","1. --- No Case Number formatting in Org/Office, AutoDispo ON","",""
"","1","5. Import update for item status (Undispose transaction)","","Tue May 13 21:16:32 UTC 2025","skipped","Tue May 13 21:16:32 UTC 2025","","Import Item Updates","",""
"","9882","1.3.1 --- with required Custom Form filled out, all required fields on Form","Add User","Tue May 13 21:51:21 UTC 2025","failed","Tue May 13 21:51:31 UTC 2025","","1.3 --- with Custom Forms","",""
"","639","2 Import Media - Precheck Only","","Tue May 13 21:17:17 UTC 2025","failed","Tue May 13 21:17:18 UTC 2025","","Import Media","",""
"","4852","1.3. Add Item from Case View /Items tab -- redirect to Add Item page again","Add Item","Tue May 13 21:28:25 UTC 2025","failed","Tue May 13 21:28:30 UTC 2025","","1. Org Admin","",""
"","0","1.3. DR for multiple parent and child locations - starting with Parent loc - No Discrepancies Found","Inventory Reports","Tue May 13 21:16:01 UTC 2025","skipped","Tue May 13 21:16:01 UTC 2025","","1. Parent/child locations with items but without containers","",""
"","0","2 Import Person with all updated fields - Precheck Only","","Tue May 13 21:17:51 UTC 2025","skipped","Tue May 13 21:17:51 UTC 2025","","Import People Updates","",""
"","88046","3.1 --- with required Custom Form filled out, all required fields on Form","Add Item","Tue May 13 21:31:25 UTC 2025","failed","Tue May 13 21:32:53 UTC 2025","","3 Add Item with Custom Form","",""
"","0","1.5. Create and run DR for multiple parent and child locations  - starting with Child loc - switching back to parent location-  No Discrepancies Found","Inventory Reports","Tue May 13 21:16:01 UTC 2025","skipped","Tue May 13 21:16:01 UTC 2025","","1. Parent/child locations with items but without containers","",""
"","340992","Add Dispo Task with 11 1DA items and assign to Org Admin, --set different actions for item using all variations--using Actions menu and grid, --check statuses and notes upon submission","","Tue May 13 21:52:16 UTC 2025","failed","Tue May 13 21:57:57 UTC 2025","","Dispo Auth","",""
"","30729","4. Edit and verify reduced number of values on Item View page ","","Tue May 13 21:27:23 UTC 2025","passed","Tue May 13 21:27:54 UTC 2025","","Edit Item","",""
"","19675","8. Add a Case with disabled fields & check if required fields are displayed properly on Case Edit page after enabling","","Tue May 13 21:22:44 UTC 2025","passed","Tue May 13 21:23:03 UTC 2025","","Edit Case","",""
"","1","1 Import Locations with all fields","","Tue May 13 21:17:08 UTC 2025","broken","Tue May 13 21:17:08 UTC 2025","","Import Locations","",""
"","42462","3. Edit and verify reduced number of values on Case View page -- enter User Group instead of User as Case Officer","","Tue May 13 21:20:15 UTC 2025","passed","Tue May 13 21:20:58 UTC 2025","","Edit Case","",""
"","72232","1. Edit and verify all values on Item View page -- replace the current values in multiselect fields - Tags & Item Belongs To","","Tue May 13 21:24:01 UTC 2025","passed","Tue May 13 21:25:13 UTC 2025","","Edit Item","",""
"","0","7. Item Updates Import - Precheck Only","","Tue May 13 21:16:32 UTC 2025","skipped","Tue May 13 21:16:32 UTC 2025","","Import Item Updates","",""
"","54345","2. Edit and verify all values on Case View page -- keep the previous values and add new ones in multiselect fields (Case Officers, Tags)","","Tue May 13 21:19:19 UTC 2025","passed","Tue May 13 21:20:13 UTC 2025","","Edit Case","",""
"","755","1.1 Email & Task - when Case created - all records - 1 user as email recipient","Workflows","Tue May 13 21:17:30 UTC 2025","failed","Tue May 13 21:17:30 UTC 2025","","1. Case Workflows - all case fields enabled in Org Settings","",""
"","36900","1.1.4 validation message for inactive user account","Add User","Tue May 13 21:50:32 UTC 2025","passed","Tue May 13 21:51:09 UTC 2025","","1.1 Org Admin","",""
"","696","1.1 all fields turned on and edited, ""overwrite existing values"" turned OFF","Mass Update Cases","Tue May 13 21:16:10 UTC 2025","failed","Tue May 13 21:16:11 UTC 2025","","1. all fields enabled in Org Settings","",""
"","0","1.6 Org Admin-- minimum case fields -- redirect to Notes tab on Case View page","Add Case","Tue May 13 21:16:30 UTC 2025","skipped","Tue May 13 21:16:30 UTC 2025","","1. --- No Case Number formatting in Org/Office, AutoDispo ON","",""
"","2","5 Five thousand notes for Case and verify notes count on search","","Tue May 13 21:17:29 UTC 2025","skipped","Tue May 13 21:17:29 UTC 2025","","Import Notes","",""
"","1","I.C_4 Five thousand cases and verify cases count on search by ","","Tue May 13 21:16:23 UTC 2025","skipped","Tue May 13 21:16:23 UTC 2025","","Import Cases","",""
"","2","1.1 Org Admin-- All fields enabled -- redirect to View Added Case","Add Case","Tue May 13 21:16:30 UTC 2025","broken","Tue May 13 21:16:30 UTC 2025","","1. --- No Case Number formatting in Org/Office, AutoDispo ON","",""
"","1","1.4 Org Admin-- minimum case fields -- redirect to Add Person page","Add Case","Tue May 13 21:16:30 UTC 2025","skipped","Tue May 13 21:16:30 UTC 2025","","1. --- No Case Number formatting in Org/Office, AutoDispo ON","",""
"","20039","4.3 verify Org Default Case Number Prefix and Org Formatting pattern, before and after page reload","Add Case","Tue May 13 21:19:57 UTC 2025","passed","Tue May 13 21:20:17 UTC 2025","","4. --- with Default Case Number in Org ","",""
"","12221","1.4. redirect to Case View page","Add Person","Tue May 13 21:43:45 UTC 2025","passed","Tue May 13 21:43:57 UTC 2025","","1. Org Admin","",""
"","1","I.C_1 Case with all fields -- user and user group in Case Officer(s) field","","Tue May 13 21:16:23 UTC 2025","broken","Tue May 13 21:16:23 UTC 2025","","Import Cases","",""
"","3","5 Five thousand notes for Item and verify notes count on search","","Tue May 13 21:17:29 UTC 2025","skipped","Tue May 13 21:17:29 UTC 2025","","Import Notes","",""
"","1","I.C.U_1. Import Case Updates - all fields -- user and user group in Case Officer(s) field","","Tue May 13 21:16:15 UTC 2025","broken","Tue May 13 21:16:15 UTC 2025","","Import Case Updates","",""
"","0","6. Import update for item status (CheckIn transaction)","","Tue May 13 21:16:32 UTC 2025","skipped","Tue May 13 21:16:32 UTC 2025","","Import Item Updates","",""
"","675","I.T_1.2 Import Legacy Tasks for Case - Precheck Only","","Tue May 13 21:16:59 UTC 2025","failed","Tue May 13 21:16:59 UTC 2025","","Import Tasks","",""
"","16554","1.2. Optional fields disabled -- redirect to View Added Item -- Item Belongs To Shows All People"" turned OFF in Org Settings -- multiple values selected for ""Item Belongs to"" and Tags","Add Item","Tue May 13 21:28:08 UTC 2025","failed","Tue May 13 21:28:25 UTC 2025","","1. Org Admin","",""
"","21205","6. Auto-Assigned Case Number -- Case Number can be edited when Auto-assigning of Case Numbers is enabled for new cases","","Tue May 13 21:21:45 UTC 2025","passed","Tue May 13 21:22:06 UTC 2025","","Edit Case","",""
"","0","3. Import update for item status (Move transaction)","","Tue May 13 21:16:32 UTC 2025","skipped","Tue May 13 21:16:32 UTC 2025","","Import Item Updates","",""
"","45626","A.M_1. Add Media to Case","","Tue May 13 21:39:12 UTC 2025","passed","Tue May 13 21:39:58 UTC 2025","","Add Media","",""
"","1","1. Import Person with all updated fields","","Tue May 13 21:17:51 UTC 2025","broken","Tue May 13 21:17:51 UTC 2025","","Import People Updates","",""
"","176","1.1.1 'equals' correct Person's name","Search Checkouts","Tue May 13 21:16:27 UTC 2025","failed","Tue May 13 21:16:27 UTC 2025","1.1 Checked Out To","1 Org Admin","",""
"","46376","3.3 --- with required Currency Form attached - System Template","Add Item","Tue May 13 21:34:41 UTC 2025","passed","Tue May 13 21:35:28 UTC 2025","","3 Add Item with Custom Form","",""
"","9233","1.3.2 --- with required Custom Form but not filled out, all optional fields on Form","Add User","Tue May 13 21:51:31 UTC 2025","failed","Tue May 13 21:51:40 UTC 2025","","1.3 --- with Custom Forms","",""
"","34449","1.6. Add Item from Person View/ Items Recovered By -- redirect to Item View/ Notes tab","Add Item","Tue May 13 21:29:10 UTC 2025","passed","Tue May 13 21:29:44 UTC 2025","","1. Org Admin","",""
"","1","1.6. Create and run DR for single parent location - multiple Discrepancies Found","Inventory Reports","Tue May 13 21:16:01 UTC 2025","skipped","Tue May 13 21:16:01 UTC 2025","","1. Parent/child locations with items but without containers","",""
"","36776","5.1 verify Office Default Case Number Prefix","Add Case","Tue May 13 21:20:23 UTC 2025","failed","Tue May 13 21:21:00 UTC 2025","","5. --- with Default Case Number in Office ","",""
"","1","1.2. DR for single child location - No Discrepancies Found","Inventory Reports","Tue May 13 21:16:01 UTC 2025","skipped","Tue May 13 21:16:01 UTC 2025","","1. Parent/child locations with items but without containers","",""
"","20877","5. Add an Item with disabled non required / required fields & check if those are shown up on Item Edit page after enabling","","Tue May 13 21:27:54 UTC 2025","passed","Tue May 13 21:28:15 UTC 2025","","Edit Item","",""
"","16990","1.3. Business Name populated only -- redirect to Add Item page","Add Person","Tue May 13 21:43:28 UTC 2025","passed","Tue May 13 21:43:45 UTC 2025","","1. Org Admin","",""
"","1002","1. Verify list of already existing services are in place and all listed services have a green status","","Tue May 13 21:17:19 UTC 2025","failed","Tue May 13 21:17:20 UTC 2025","","System Services Page: verify the existing Services are in place, if a new Service gets added =>check the status for all of those","",""
"","0","I.C_3 Case with custom fields","","Tue May 13 21:16:23 UTC 2025","skipped","Tue May 13 21:16:23 UTC 2025","","Import Cases","",""
"","11643","1.2.1. Office Admin can create a new user account","Add User","Tue May 13 21:51:09 UTC 2025","failed","Tue May 13 21:51:21 UTC 2025","","1.2 Power User -- all permissions in Office","",""
"","46458","3. Remove all optional values & check history records","","Tue May 13 21:26:35 UTC 2025","passed","Tue May 13 21:27:21 UTC 2025","","Edit Item","",""
"","64590","1.1.1. add user with all fields -- log in with newly created account","Add User","Tue May 13 21:48:45 UTC 2025","passed","Tue May 13 21:49:50 UTC 2025","","1.1 Org Admin","",""
"","100410","7.1 verify all values are properly saved to the custom form -single user in custom User/User Group field","Add Case","Tue May 13 21:21:44 UTC 2025","passed","Tue May 13 21:23:25 UTC 2025","","7. --- with required Custom Form filled out, all required fields on Form","",""
"","1","I.N_5 Five thousand tasks and verify count on search","","Tue May 13 21:16:59 UTC 2025","skipped","Tue May 13 21:16:59 UTC 2025","","Import Tasks","",""
"","29321","2. Edit and verify reduced number of values on Person View page - First & Last Name","","Tue May 13 21:29:24 UTC 2025","passed","Tue May 13 21:29:53 UTC 2025","","Edit Person","",""
"","2","1.1. DR for single parent location - No Discrepancies Found","Inventory Reports","Tue May 13 21:16:01 UTC 2025","broken","Tue May 13 21:16:01 UTC 2025","","1. Parent/child locations with items but without containers","",""
"","23310","Add User ","","Tue May 13 21:47:52 UTC 2025","failed","Tue May 13 21:48:15 UTC 2025","","Add User","",""
"","0","6 Validation messages for blank values","","Tue May 13 21:16:50 UTC 2025","skipped","Tue May 13 21:16:50 UTC 2025","","Import Legacy Chain of Custody","",""
"","614","1. Report from Case View page - Items tab","Reports","Tue May 13 21:17:09 UTC 2025","failed","Tue May 13 21:17:10 UTC 2025","","Verify generating and opening Report ""Primary Label 4X3""","",""
"","9544","2.1. verify that user can add all values","Add Person","Tue May 13 21:43:57 UTC 2025","failed","Tue May 13 21:44:07 UTC 2025","","2. Power User -- all permissions in Office","",""
"","1","3 Validation messages for not mapped fields","","Tue May 13 21:16:50 UTC 2025","skipped","Tue May 13 21:16:50 UTC 2025","","Import Legacy Chain of Custody","",""
"","27328","4.1 verify Org Default Case Number Prefix, clear a default value and save the other one","Add Case","Tue May 13 21:19:04 UTC 2025","passed","Tue May 13 21:19:31 UTC 2025","","4. --- with Default Case Number in Org ","",""
"","108422","3.2 --- with required Custom Form but not filled out, all optional fields on Form","Add Item","Tue May 13 21:32:53 UTC 2025","failed","Tue May 13 21:34:41 UTC 2025","","3 Add Item with Custom Form","",""
"","0","4. Import update for item status (Disposal transaction)","","Tue May 13 21:16:32 UTC 2025","skipped","Tue May 13 21:16:32 UTC 2025","","Import Item Updates","",""
"","35578","1.1.2. add user with required fields only","Add User","Tue May 13 21:49:50 UTC 2025","passed","Tue May 13 21:50:26 UTC 2025","","1.1 Org Admin","",""
"","15949","A.M_4. Add Media to Task","","Tue May 13 21:40:39 UTC 2025","passed","Tue May 13 21:40:55 UTC 2025","","Add Media","",""
"","2","1. Import updates for all item fields","","Tue May 13 21:16:32 UTC 2025","broken","Tue May 13 21:16:32 UTC 2025","","Import Item Updates","",""
"","79757","2. Edit and verify all values on Item View page -- keep the previous values in multiselect fields  - Tags & Item Belongs To; 2.1. hitting *enter* button does not wipe out Additional Barcode","","Tue May 13 21:25:15 UTC 2025","passed","Tue May 13 21:26:35 UTC 2025","","Edit Item","",""
"","99953","2.1 Add User to a Group, then add to another Group --> Verify that previous User Group is not overwritten","","Tue May 13 21:33:53 UTC 2025","passed","Tue May 13 21:35:33 UTC 2025","","Edit User","",""
"","34948","1.1. All fields enabled -- redirect to View Added Person","Add Person","Tue May 13 21:42:33 UTC 2025","passed","Tue May 13 21:43:08 UTC 2025","","1. Org Admin","",""
"","0","5 Validation messages for invalid values","","Tue May 13 21:16:50 UTC 2025","skipped","Tue May 13 21:16:50 UTC 2025","","Import Legacy Chain of Custody","",""
"","67551","3.4 --- Duplicating item with Currency Form attached","Add Item","Tue May 13 21:35:28 UTC 2025","passed","Tue May 13 21:36:36 UTC 2025","","3 Add Item with Custom Form","",""
"","0","1.4. Create and run DR for multiple parent and child locations - starting with Child loc -  No Discrepancies Found","Inventory Reports","Tue May 13 21:16:01 UTC 2025","skipped","Tue May 13 21:16:01 UTC 2025","","1. Parent/child locations with items but without containers","",""
"","23216","4.  Case Number Formatting at Org level -- old case that was saved without formatting can be edited without changing Case Number or changing it with proper format","","Tue May 13 21:20:59 UTC 2025","passed","Tue May 13 21:21:22 UTC 2025","","Edit Case","",""
"","31399","6.1 verify Auto Assigned Case Number with Default Case Number Prefix","Add Case","Tue May 13 21:21:06 UTC 2025","passed","Tue May 13 21:21:37 UTC 2025","","6. --- with Auto Assigned Case Number ","",""
"","638","1. Import and verify People with all fields - 1 person linked to 1 case, other person linked to 2 cases","","Tue May 13 21:17:40 UTC 2025","failed","Tue May 13 21:17:41 UTC 2025","","Import People","",""
"","668","9 Validation messages for blank values","","Tue May 13 21:17:31 UTC 2025","failed","Tue May 13 21:17:32 UTC 2025","","Import Notes","",""
"","738","2.1 Cancelling warning keeps user logged in on other machine","Login page","Tue May 13 21:17:00 UTC 2025","failed","Tue May 13 21:17:01 UTC 2025","","2. Warning that user is logged in on other browser or device","",""
"","700","2.2 Confirmation on warning modal completes login and logs out user on other machine","Login page","Tue May 13 21:17:01 UTC 2025","failed","Tue May 13 21:17:01 UTC 2025","","2. Warning that user is logged in on other browser or device","",""
"","1125","1.8. Create and run DR for multiple storage locations - multiple Discrepancies Found","Inventory Reports","Tue May 13 21:16:01 UTC 2025","failed","Tue May 13 21:16:02 UTC 2025","","1. Parent/child locations with items but without containers","",""
"","121","1.2 Validation messages","","Tue May 13 21:17:00 UTC 2025","failed","Tue May 13 21:17:00 UTC 2025","","Login page","",""
"","70625","9.1 verify multiple Users and Groups can be saved in Case Officers field and Custom User/User Group","Add Case","Tue May 13 21:24:25 UTC 2025","passed","Tue May 13 21:25:35 UTC 2025","","9. --- with multiple users/groups in Case Officers field","",""
"","215","1.1.1 equals {email of the user (current user) who created a case}","Cases Search","Tue May 13 21:16:19 UTC 2025","failed","Tue May 13 21:16:19 UTC 2025","1.1 Created By","1 Org Admin","",""
"","633","3. Import Person with all fields - Precheck Only","","Tue May 13 21:17:41 UTC 2025","failed","Tue May 13 21:17:42 UTC 2025","","Import People","",""
"","0","2. Import update for item status (Check Out transaction)","","Tue May 13 21:16:32 UTC 2025","skipped","Tue May 13 21:16:32 UTC 2025","","Import Item Updates","",""
"","1","1 Import Legacy Chain of Custody - Checked In transaction","","Tue May 13 21:16:50 UTC 2025","broken","Tue May 13 21:16:50 UTC 2025","","Import Legacy Chain of Custody","",""
"","22782","5. Case Number Formatting at Office level -- old case that was saved without formatting can be edited without changing Case Number or changing it with proper format","","Tue May 13 21:21:22 UTC 2025","passed","Tue May 13 21:21:45 UTC 2025","","Edit Case","",""
"","77445","2.2 verify Org Case Number Format with custom validation message","Add Case","Tue May 13 21:16:56 UTC 2025","failed","Tue May 13 21:18:14 UTC 2025","","2. --- with Case Number formatting in Org, AutoDispo OFF ","",""
